{
    "Hello": [
        0.6220205419293006,
        0.0777550719439072,
        0.06941625196250746,
        0.12118444341712042,
        0.2175663698803966
    ],
    "we": [
        0.3998235421694919,
        0.5263781195978865,
        0.2958113637567737,
        0.1718840403136321,
        0.3681510288814876
    ],
    "Eos": [
        0.6627838710310157,
        0.2661270040282925,
        0.287722901015837,
        0.2615938447131776,
        0.25286262246411084
    ],
    "Are": [
        0.31042327759526933,
        0.28956953693286974,
        0.4061535221966556,
        0.5052432384471182,
        0.6154259094079588
    ],
    "Hello2": [
        0.35457791862470805,
        0.0785407145481774,
        0.08017919567454743,
        0.14022892573517212,
        0.24462353578942134
    ]
}